segment,position_m,elevation_m,nominal_D_mm,initial_D_mm,optimized_D_mm,change_pct
1,50.0,36.4955,193.70000000000002,174.33,68.68446791944939,-64.54080128061467
2,150.0,0.0,193.70000000000002,174.33,53.07036372459402,-72.6017740193113
3,250.0,0.0,193.70000000000002,174.33,65.84175047974452,-66.00838901407099
4,350.0,0.0,193.70000000000002,174.33,105.82501195713868,-45.36654003245293
5,450.0,0.0,193.70000000000002,174.33,71.7193465257954,-62.97400798874786
6,550.0,0.0,193.70000000000002,174.33,123.27819461568824,-36.356120487512534
7,650.0,0.0,193.70000000000002,174.33,51.870225575269394,-73.22136005406847
8,750.0,0.0,193.70000000000002,174.33,137.39457160826848,-29.068367780966202
9,850.0,0.0,193.70000000000002,174.33,159.77639243433603,-17.513478350884863
10,950.0,0.0,193.70000000000002,174.33,118.93824232883117,-38.59667406875005
11,1050.0,0.0,193.70000000000002,174.33,78.57623085534162,-59.43405737979266
12,1150.0,0.0,193.70000000000002,174.33,49.44784767837831,-74.47194234466788
13,1250.0,0.0,193.70000000000002,174.33,52.228060853652025,-73.03662320410325
14,1350.0,0.0,193.70000000000002,174.33,100.57985021020622,-48.07441909643458
15,1450.0,0.0,193.70000000000002,174.33,151.68056853645365,-21.693046702915005
16,1550.0,0.0,193.70000000000002,174.33,76.67430661752222,-60.41594908749498
17,1650.0,0.0,193.70000000000002,174.33,134.62480456167287,-30.498293979518397
18,1750.0,0.0,193.70000000000002,174.33,58.919534582229474,-69.58206784603537
19,1850.0,0.0,193.70000000000002,174.33,52.76206893330597,-72.7609349853867
20,1950.0,0.0,193.70000000000002,174.33,133.84966522897616,-30.898469164183712
21,2050.0,0.0,193.70000000000002,174.33,136.57499022671564,-29.491486718267616
22,2150.0,0.0,193.70000000000002,174.33,172.90732155104723,-10.734475193057708
23,2250.0,0.0,193.70000000000002,174.33,87.13203237558226,-55.01701994032925
24,2350.0,0.0,193.70000000000002,174.33,147.3821012148996,-23.912183162158193
25,2450.0,0.0,193.70000000000002,174.33,135.86722171325462,-29.85688089145348
26,2550.0,0.0,193.70000000000002,174.33,159.9098369937473,-17.44458596089454
27,2650.0,0.0,193.70000000000002,174.33,51.77900424449958,-73.26845418456396
28,2750.0,0.0,193.70000000000002,174.33,124.90283482837796,-35.517380057626255
29,2850.0,0.0,193.70000000000002,174.33,159.8508593459112,-17.475033894728348
30,2950.0,0.0,193.70000000000002,174.33,83.95974773896543,-56.654750780090126
31,3050.0,0.0,193.70000000000002,174.33,158.8133284786436,-18.0106719263585
32,3150.0,0.0,193.70000000000002,174.33,157.97867310671506,-18.441572996017012
33,3250.0,0.0,193.70000000000002,174.33,59.74562710680499,-69.15558745131389
34,3350.0,0.0,193.70000000000002,174.33,165.44538997415552,-14.586788862077697
35,3450.0,0.0,193.70000000000002,174.33,64.10364268700344,-66.90570847341073
36,3550.0,0.0,193.70000000000002,174.33,87.84904483337786,-54.646853467538534
37,3650.0,0.0,193.70000000000002,174.33,164.81540559457386,-14.912026022419283
38,3750.0,0.0,193.70000000000002,174.33,170.83945006085838,-11.802039204512974
39,3850.0,0.0,193.70000000000002,174.33,78.95085647224725,-59.24065231169477
40,3950.0,0.0,193.70000000000002,174.33,74.5417619075536,-61.516901441634694
41,4050.0,0.0,193.70000000000002,174.33,39.23868437443626,-79.74254807721412
42,4150.0,0.0,193.70000000000002,174.33,51.12627268933731,-73.60543485320738
43,4250.0,0.0,193.70000000000002,174.33,96.17814528929684,-50.346853232164776
44,4350.0,0.0,193.70000000000002,174.33,89.04197991156542,-54.03098610657439
45,4450.0,0.0,193.70000000000002,174.33,148.71533933322237,-23.22388263643657
46,4550.0,0.0,193.70000000000002,174.33,100.87038930745577,-47.924424725113184
47,4650.0,0.0,193.70000000000002,174.33,68.25186722503186,-64.76413669332376
48,4750.0,0.0,193.70000000000002,174.33,59.82608434065956,-69.11405041783193
49,4850.0,0.0,193.70000000000002,174.33,87.88153089549118,-54.6300821396535
50,4950.0,0.0,193.70000000000002,174.33,126.99950339697256,-34.43494920135646
51,5050.0,0.0,193.70000000000002,174.33,49.44188728543391,-74.47501947060717
52,5150.0,0.0,193.70000000000002,174.33,162.26264151102654,-16.229921780574845
53,5250.0,0.0,193.70000000000002,174.33,142.107999335773,-26.635002924226647
54,5350.0,0.0,193.70000000000002,174.33,109.64189693019604,-43.396026365412474
55,5450.0,0.0,193.70000000000002,174.33,119.66058874840024,-38.22375387279286
56,5550.0,0.0,193.70000000000002,174.33,153.55449402012385,-20.725609695341333
57,5650.0,0.0,193.70000000000002,174.33,46.9470011371992,-75.76303503500299
58,5750.0,0.0,193.70000000000002,174.33,75.05014771620985,-61.25444103448123
59,5850.0,0.0,193.70000000000002,174.33,54.6451807383758,-71.78875542675489
60,5950.0,0.0,193.70000000000002,174.33,87.8355798663337,-54.65380492187213
61,6050.0,0.0,193.70000000000002,174.33,82.0323934180092,-57.649771080015896
62,6150.0,0.0,193.70000000000002,174.33,112.39687472149576,-41.97373530124122
63,6250.0,0.0,193.70000000000002,174.33,53.93559408456254,-72.15508823719021
64,6350.0,0.0,193.70000000000002,174.33,54.93902622958367,-71.63705408901204
65,6450.0,0.0,193.70000000000002,174.33,74.78979376703045,-61.38885195300442
66,6550.0,0.0,193.70000000000002,174.33,52.465452548770635,-72.91406683078439
67,6650.0,0.0,193.70000000000002,174.33,83.29515876670177,-56.99785298569863
68,6750.0,0.0,193.70000000000002,174.33,122.6207887767799,-36.695514312452296
69,6850.0,0.0,193.70000000000002,174.33,134.00737431403115,-30.817049915316915
70,6950.0,0.0,193.70000000000002,174.33,95.03621518111427,-50.936388651980245
71,7050.0,0.0,193.70000000000002,174.33,135.70660948519597,-29.939798923492024
72,7150.0,0.0,193.70000000000002,174.33,120.10317533449404,-37.99526312106658
73,7250.0,0.0,193.70000000000002,174.33,66.07862843389255,-65.88609786582728
74,7350.0,0.0,193.70000000000002,125.90500000000002,101.25081105392721,-47.72802733405927
75,7450.0,0.0,193.70000000000002,125.90500000000002,52.14058721337314,-73.08178254343152
76,7550.0,0.0,193.70000000000002,125.90500000000002,50.36661590399431,-73.99761698296629
77,7650.0,0.0,193.70000000000002,125.90500000000002,87.41268225775305,-54.872130997546186
78,7750.0,0.0,193.70000000000002,125.90500000000002,139.53591317832874,-27.962873939943865
79,7850.0,0.0,193.70000000000002,174.33,164.07330777447373,-15.295143121077068
80,7950.0,36.08667775698352,193.70000000000002,174.33,158.07047799016513,-18.39417759929524
